{
  "Opus 4.8": {
    "n": 100,
    "acc_none": 0.92,
    "acc_shuffle": 0.92,
    "delta": 0.0,
    "b": 1,
    "c": 1,
    "mcnemar_p": 1.0,
    "ci95": [
      -0.030000000000000027,
      0.030000000000000027
    ],
    "ci90": [
      -0.020000000000000018,
      0.020000000000000018
    ],
    "equivalent_5pp": true
  },
  "GPT-5.5": {
    "n": 100,
    "acc_none": 0.94,
    "acc_shuffle": 0.98,
    "delta": -0.040000000000000036,
    "b": 0,
    "c": 4,
    "mcnemar_p": 0.125,
    "ci95": [
      -0.07999999999999996,
      -0.010000000000000009
    ],
    "ci90": [
      -0.06999999999999995,
      -0.010000000000000009
    ],
    "equivalent_5pp": false
  },
  "Grok 4.3": {
    "n": 100,
    "acc_none": 0.96,
    "acc_shuffle": 0.95,
    "delta": 0.010000000000000009,
    "b": 2,
    "c": 1,
    "mcnemar_p": 1.0,
    "ci95": [
      -0.020000000000000018,
      0.04999999999999993
    ],
    "ci90": [
      -0.020000000000000018,
      0.039999999999999925
    ],
    "equivalent_5pp": true
  },
  "Gemini 3.5 Flash": {
    "n": 100,
    "acc_none": 0.96,
    "acc_shuffle": 0.96,
    "delta": 0.0,
    "b": 1,
    "c": 1,
    "mcnemar_p": 1.0,
    "ci95": [
      -0.030000000000000027,
      0.030000000000000027
    ],
    "ci90": [
      -0.020000000000000018,
      0.020000000000000018
    ],
    "equivalent_5pp": true
  }
}