{
  "rater_rates": {
    "R1_author": 0.54,
    "O": 0.52,
    "G": 0.7
  },
  "pairwise": {
    "R1-O": {
      "raw_agree": 0.94,
      "cohen_kappa": 0.8796147672552166,
      "kappa_ci": [
        0.7226624405705229,
        1.0
      ],
      "gwet_ac1": 0.8804304503786368,
      "ac1_ci": [
        0.76,
        1.0
      ]
    },
    "R1-G": {
      "raw_agree": 0.8,
      "cohen_kappa": 0.5867768595041323,
      "kappa_ci": [
        0.3636363636363635,
        0.7954173486088381
      ],
      "gwet_ac1": 0.6217851739788202,
      "ac1_ci": [
        0.38461538461538475,
        0.81651376146789
      ]
    },
    "O-G": {
      "raw_agree": 0.74,
      "cohen_kappa": 0.47154471544715443,
      "kappa_ci": [
        0.23896499238964983,
        0.6957307490832885
      ],
      "gwet_ac1": 0.5040061045402517,
      "ac1_ci": [
        0.2544325283842625,
        0.7377294866991382
      ]
    }
  },
  "fleiss": {
    "kappa": 0.6425953079178885,
    "ci": [
      0.46581196581196593,
      0.8019241652518394
    ]
  },
  "judge_vs_human": {
    "GPT-5.5": {
      "judge_rate": 0.84,
      "R1_author": {
        "rate_diff": 0.29999999999999993,
        "rate_diff_ci": [
          0.16000000000000003,
          0.44
        ],
        "kappa": 0.2808798646362099,
        "kappa_ci": [
          0.06832298136645965,
          0.5059288537549409
        ]
      },
      "O": {
        "rate_diff": 0.31999999999999995,
        "rate_diff_ci": [
          0.18000000000000005,
          0.46
        ],
        "kappa": 0.2598684210526315,
        "kappa_ci": [
          0.060822898032200354,
          0.46985751812442333
        ]
      },
      "G": {
        "rate_diff": 0.14,
        "rate_diff_ci": [
          0.020000000000000018,
          0.26
        ],
        "kappa": 0.39560439560439564,
        "kappa_ci": [
          0.10957208734572063,
          0.6641074856046064
        ]
      },
      "consensus_author_infl": {
        "rate_diff": 0.29999999999999993,
        "rate_diff_ci": [
          0.16000000000000003,
          0.44
        ],
        "kappa": 0.2808798646362099,
        "kappa_ci": [
          0.07079646017699075,
          0.4977117275897318
        ]
      }
    },
    "Opus 4.8": {
      "judge_rate": 0.8,
      "R1_author": {
        "rate_diff": 0.26,
        "rate_diff_ci": [
          0.09999999999999998,
          0.42
        ],
        "kappa": 0.2016806722689075,
        "kappa_ci": [
          -0.03231597845601429,
          0.44061962134251287
        ]
      },
      "O": {
        "rate_diff": 0.28,
        "rate_diff_ci": [
          0.1399999999999999,
          0.42000000000000004
        ],
        "kappa": 0.26229508196721313,
        "kappa_ci": [
          0.03669724770642205,
          0.4974874371859297
        ]
      },
      "G": {
        "rate_diff": 0.10000000000000009,
        "rate_diff_ci": [
          -0.020000000000000018,
          0.22000000000000008
        ],
        "kappa": 0.4210526315789476,
        "kappa_ci": [
          0.12472647702406997,
          0.6846846846846847
        ]
      },
      "consensus_author_infl": {
        "rate_diff": 0.26,
        "rate_diff_ci": [
          0.10000000000000009,
          0.42
        ],
        "kappa": 0.2016806722689075,
        "kappa_ci": [
          -0.03986481802426337,
          0.4328097731239093
        ]
      }
    },
    "Grok 4.3": {
      "judge_rate": 0.66,
      "R1_author": {
        "rate_diff": 0.12,
        "rate_diff_ci": [
          -0.020000000000000018,
          0.26
        ],
        "kappa": 0.425287356321839,
        "kappa_ci": [
          0.16533831981469724,
          0.6610598222196808
        ]
      },
      "O": {
        "rate_diff": 0.14,
        "rate_diff_ci": [
          0.020000000000000018,
          0.2604999999999928
        ],
        "kappa": 0.5542949756888169,
        "kappa_ci": [
          0.32000000000000006,
          0.7619047619047619
        ]
      },
      "G": {
        "rate_diff": -0.039999999999999925,
        "rate_diff_ci": [
          -0.17999999999999994,
          0.09999999999999998
        ],
        "kappa": 0.4495412844036698,
        "kappa_ci": [
          0.1727941176470587,
          0.6924698136959481
        ]
      },
      "consensus_author_infl": {
        "rate_diff": 0.12,
        "rate_diff_ci": [
          -0.020000000000000018,
          0.26
        ],
        "kappa": 0.425287356321839,
        "kappa_ci": [
          0.1638795986622072,
          0.6715927750410509
        ]
      }
    },
    "Gemini 3.5 Flash": {
      "judge_rate": 0.72,
      "R1_author": {
        "rate_diff": 0.17999999999999994,
        "rate_diff_ci": [
          0.040000000000000036,
          0.32
        ],
        "kappa": 0.37810945273631824,
        "kappa_ci": [
          0.12890787328581002,
          0.6284501061571125
        ]
      },
      "O": {
        "rate_diff": 0.19999999999999996,
        "rate_diff_ci": [
          0.06000000000000005,
          0.33999999999999997
        ],
        "kappa": 0.42996742671009763,
        "kappa_ci": [
          0.1852487135506002,
          0.6627318718381112
        ]
      },
      "G": {
        "rate_diff": 0.020000000000000018,
        "rate_diff_ci": [
          -0.14,
          0.17999999999999994
        ],
        "kappa": 0.2718446601941747,
        "kappa_ci": [
          -0.015473887814313522,
          0.55521919188738
        ]
      },
      "consensus_author_infl": {
        "rate_diff": 0.17999999999999994,
        "rate_diff_ci": [
          0.039999999999999925,
          0.32
        ],
        "kappa": 0.37810945273631824,
        "kappa_ci": [
          0.12126537785588756,
          0.6218487394957982
        ]
      }
    }
  },
  "consensus_author_influenced_rate": 0.54
}