{
  "rater_rates": {
    "R1_author": 0.54,
    "O": 0.52,
    "G": 0.7
  },
  "pairwise": {
    "R1-O": {
      "raw_agree": 0.94,
      "cohen_kappa": 0.8796147672552166,
      "kappa_ci": [
        0.7134373789362995,
        1.0
      ],
      "gwet_ac1": 0.8804304503786368,
      "ac1_ci": [
        0.7334649555774927,
        1.0
      ]
    },
    "R1-G": {
      "raw_agree": 0.8,
      "cohen_kappa": 0.5867768595041323,
      "kappa_ci": [
        0.36978307912181957,
        0.786893965817928
      ],
      "gwet_ac1": 0.6217851739788202,
      "ac1_ci": [
        0.3853584748277605,
        0.8346588317748582
      ]
    },
    "O-G": {
      "raw_agree": 0.74,
      "cohen_kappa": 0.47154471544715443,
      "kappa_ci": [
        0.24248978110281838,
        0.6756756756756755
      ],
      "gwet_ac1": 0.5040061045402517,
      "ac1_ci": [
        0.25460965084346804,
        0.7431192660550459
      ]
    }
  },
  "fleiss": {
    "kappa": 0.6425953079178885,
    "ci": [
      0.47210276332346696,
      0.7882908291643234
    ]
  },
  "judge_vs_human": {
    "GPT-5.5": {
      "judge_rate": 0.84,
      "R1_author": {
        "rate_diff": 0.29999999999999993,
        "rate_diff_ci": [
          0.16273878737541525,
          0.43749999999999994
        ],
        "kappa": 0.2808798646362099,
        "kappa_ci": [
          0.04126973543844676,
          0.47209816848509706
        ]
      },
      "O": {
        "rate_diff": 0.31999999999999995,
        "rate_diff_ci": [
          0.1836734693877552,
          0.4583333333333333
        ],
        "kappa": 0.2598684210526315,
        "kappa_ci": [
          0.04138943943327216,
          0.44479004665629857
        ]
      },
      "G": {
        "rate_diff": 0.14,
        "rate_diff_ci": [
          0.037735849056603765,
          0.26
        ],
        "kappa": 0.39560439560439564,
        "kappa_ci": [
          0.11111111111111104,
          0.6330652413553031
        ]
      },
      "consensus_author_infl": {
        "rate_diff": 0.29999999999999993,
        "rate_diff_ci": [
          0.16666666666666663,
          0.44
        ],
        "kappa": 0.2808798646362099,
        "kappa_ci": [
          0.04693328042627969,
          0.4704015041242111
        ]
      }
    },
    "Opus 4.8": {
      "judge_rate": 0.8,
      "R1_author": {
        "rate_diff": 0.26,
        "rate_diff_ci": [
          0.10204081632653061,
          0.41509433962264153
        ],
        "kappa": 0.2016806722689075,
        "kappa_ci": [
          -0.03305971821168976,
          0.4141207671539237
        ]
      },
      "O": {
        "rate_diff": 0.28,
        "rate_diff_ci": [
          0.1320754716981133,
          0.4230769230769231
        ],
        "kappa": 0.26229508196721313,
        "kappa_ci": [
          0.03686093082732176,
          0.4705997806384573
        ]
      },
      "G": {
        "rate_diff": 0.10000000000000009,
        "rate_diff_ci": [
          -0.021276595744680882,
          0.2222222222222222
        ],
        "kappa": 0.4210526315789476,
        "kappa_ci": [
          0.12031794931411333,
          0.6518116166305582
        ]
      },
      "consensus_author_infl": {
        "rate_diff": 0.26,
        "rate_diff_ci": [
          0.10204081632653061,
          0.4117647058823529
        ],
        "kappa": 0.2016806722689075,
        "kappa_ci": [
          -0.046535887569014604,
          0.4161491507430997
        ]
      }
    },
    "Grok 4.3": {
      "judge_rate": 0.66,
      "R1_author": {
        "rate_diff": 0.12,
        "rate_diff_ci": [
          -0.02467334494773501,
          0.2758804108584003
        ],
        "kappa": 0.425287356321839,
        "kappa_ci": [
          0.12616822429906532,
          0.6627360132047025
        ]
      },
      "O": {
        "rate_diff": 0.14,
        "rate_diff_ci": [
          0.01753629764065341,
          0.27450980392156865
        ],
        "kappa": 0.5542949756888169,
        "kappa_ci": [
          0.28371793914349497,
          0.7777777777777777
        ]
      },
      "G": {
        "rate_diff": -0.039999999999999925,
        "rate_diff_ci": [
          -0.1764705882352941,
          0.09259259259259256
        ],
        "kappa": 0.4495412844036698,
        "kappa_ci": [
          0.2105263157894737,
          0.6397132352941177
        ]
      },
      "consensus_author_infl": {
        "rate_diff": 0.12,
        "rate_diff_ci": [
          -0.022727272727272707,
          0.267891483516483
        ],
        "kappa": 0.425287356321839,
        "kappa_ci": [
          0.1199816513761469,
          0.6693684053848443
        ]
      }
    },
    "Gemini 3.5 Flash": {
      "judge_rate": 0.72,
      "R1_author": {
        "rate_diff": 0.17999999999999994,
        "rate_diff_ci": [
          0.022727272727272707,
          0.33333333333333337
        ],
        "kappa": 0.37810945273631824,
        "kappa_ci": [
          0.053096198156682144,
          0.6343681541765157
        ]
      },
      "O": {
        "rate_diff": 0.19999999999999996,
        "rate_diff_ci": [
          0.061224489795918435,
          0.35416666666666663
        ],
        "kappa": 0.42996742671009763,
        "kappa_ci": [
          0.13886184472256788,
          0.6666666666666667
        ]
      },
      "G": {
        "rate_diff": 0.020000000000000018,
        "rate_diff_ci": [
          -0.12964975845410628,
          0.1777777777777778
        ],
        "kappa": 0.2718446601941747,
        "kappa_ci": [
          -0.024940091061586303,
          0.48133649062588246
        ]
      },
      "consensus_author_infl": {
        "rate_diff": 0.17999999999999994,
        "rate_diff_ci": [
          0.038461538461538436,
          0.33962264150943394
        ],
        "kappa": 0.37810945273631824,
        "kappa_ci": [
          0.062496252997601955,
          0.6336549705546688
        ]
      }
    }
  },
  "consensus_author_influenced_rate": 0.54
}