{
  "annotators": [
    "G",
    "O",
    "R1"
  ],
  "n_common": 50,
  "per_annotator": {
    "G": {
      "n": 50,
      "rate": 0.7,
      "judges": {
        "openai": {
          "raw": 0.78,
          "kappa": 0.39560439560439564
        },
        "anthropic": {
          "raw": 0.78,
          "kappa": 0.4210526315789476
        },
        "xai": {
          "raw": 0.76,
          "kappa": 0.4495412844036698
        },
        "google": {
          "raw": 0.7,
          "kappa": 0.2718446601941745
        }
      }
    },
    "O": {
      "n": 50,
      "rate": 0.52,
      "judges": {
        "openai": {
          "raw": 0.64,
          "kappa": 0.2598684210526315
        },
        "anthropic": {
          "raw": 0.64,
          "kappa": 0.26229508196721313
        },
        "xai": {
          "raw": 0.78,
          "kappa": 0.5542949756888169
        },
        "google": {
          "raw": 0.72,
          "kappa": 0.42996742671009763
        }
      }
    },
    "R1": {
      "n": 50,
      "rate": 0.54,
      "judges": {
        "openai": {
          "raw": 0.66,
          "kappa": 0.2808798646362099
        },
        "anthropic": {
          "raw": 0.62,
          "kappa": 0.2016806722689075
        },
        "xai": {
          "raw": 0.72,
          "kappa": 0.425287356321839
        },
        "google": {
          "raw": 0.7,
          "kappa": 0.37810945273631824
        }
      }
    }
  },
  "fleiss_kappa": 0.6425953079178885,
  "pairwise": [
    {
      "a": "G",
      "b": "O",
      "n": 50,
      "raw": 0.74,
      "kappa": 0.47154471544715443
    },
    {
      "a": "G",
      "b": "R1",
      "n": 50,
      "raw": 0.8,
      "kappa": 0.5867768595041323
    },
    {
      "a": "O",
      "b": "R1",
      "n": 50,
      "raw": 0.94,
      "kappa": 0.8796147672552166
    }
  ],
  "consensus": {
    "n": 50,
    "rate": 0.54,
    "ties_dropped": 0,
    "judges": {
      "openai": {
        "raw": 0.66,
        "kappa": 0.2808798646362099
      },
      "anthropic": {
        "raw": 0.62,
        "kappa": 0.2016806722689075
      },
      "xai": {
        "raw": 0.72,
        "kappa": 0.425287356321839
      },
      "google": {
        "raw": 0.7,
        "kappa": 0.37810945273631824
      }
    }
  }
}